<?xml version="1.0" encoding="UTF-8" ?>
<!DOCTYPE mapper PUBLIC "-//mybatis.org//DTD Mapper 3.0//EN"
  "http://mybatis.org/dtd/mybatis-3-mapper.dtd">

<mapper namespace="com.spring.client.board.dao.BoardDao">

	<!-- 게시물 기본 조회 <select id="boardList" resultType="board"> SELECT b_num, 
		b_name, b_title, to_char(b_date,'YYYY-MM-DD') as b_date FROM spring_board 
		ORDER BY b_num desc </select> -->
	<!-- 상세 페이지를 위한 게시물 조회 -->
	
	
	<sql id="boardCommon">
		SELECT b_num, b_name, b_title, b_date
		FROM spring_board
		<where>
			<if test="search=='b_title'">
				<![CDATA[ b_title LIKE '%'|| #{keyword} ||'%' ]]>
			</if>
			<if test="search=='b_content'">
				<![CDATA[ b_content LIKE '%'|| #{keyword} ||'%' ]]>
			</if>
			<if test="search=='b_name'">
				<![CDATA[ b_name LIKE '%'|| #{keyword} ||'%' ]]>
			</if>
		</where>
	</sql>
	
	<!-- 게시물 전체 조회 -->
	<select id="boardList" parameterType="board" resultType="board">
		/* Board - boardList */
		SELECT b_num, b_name, b_title,
		TO_CHAR(b_date,'YYYY-MM-DD HH24:MI:SS') AS b_date
		FROM
		( SELECT list.*, ROWNUM AS RNUM
		FROM (
			<include refid="boardCommon"></include>
			<choose>
				<when test="order_by=='b_num'">
					ORDER BY b_num
				</when>
				<when test="order_by=='b_date'">
					ORDER BY b_date
				</when>
			</choose>
			<choose>
				<when test="order_sc=='ASC'">
					ASC
				</when>
				<when test="order_sc=='DESC'">
					DESC
				</when>
			</choose>
			)list
			)
		<where>
			<if test="start_row != null and start_row != ''">
				<if test="end_row != null and end_row != ''">
					RNUM BETWEEN #{start_row} AND #{end_row}
				</if>
			</if>
		</where>
	</select>
	
	<!-- 게시물 전체 개수 -->
	<select id="boardListCnt" parameterType="board" resultType="int">
		/* Board - boardListCnt */
		SELECT NVL(count(1), 0) FROM
		( SELECT list.*, ROWNUM AS RNUM
			FROM (
				<include refid="boardCommon"></include>
				ORDER BY b_num desc
			) list
		)
		
	</select>

	<!-- 상세 페이지를 위한 게시물 조회 -->
	<select id="boardDetail" parameterType="int" resultType="board">
		/* Board - boardDetail */
		SELECT
		b_num, b_name, b_title, b_content, b_file,
		TO_CHAR(b_date,'YYYY-MM-DD HH24:MI:SS') AS b_date
		FROM spring_board
		WHERE b_num = #{b_num}
	</select>
	<!-- 게시물 등록 -->
	<insert id="boardInsert" parameterType="board">
		/* Board - boardInsert */
		<selectKey keyProperty="b_num" resultType="int" order="BEFORE">
			select spring_board_seq.nextval from dual
		</selectKey>
		INSERT INTO spring_board(
		b_num,
		b_name,
		b_title,
		b_content,
		<if test="b_file != null and b_file != ''">
		b_file,
		</if>
		b_pwd
		)
		VALUES(
		#{b_num}
		,#{b_name}
		,#{b_title}
		,#{b_content}
		<if test="b_file != null and b_file != ''">
		,#{b_file}
		</if>
		,#{b_pwd}
		)
	</insert>
	<!-- 해당 번호의 비밀번호 확인 -->
	<select id="pwdConfirm" parameterType="board" resultType="int">
		/* Board - pwdConfirm */
		SELECT NVL((
		SELECT 1 FROM spring_board
		WHERE b_num = #{b_num}
		AND b_pwd = #{b_pwd}
		), 0) as state
		FROM dual
	</select>
	<!-- 게시물 수정 -->
	<update id="boardUpdate" parameterType="board">
		/* Board - boardUpdate */
		UPDATE spring_board
		SET b_title = #{b_title}
		, b_content = #{b_content}
		, b_date = sysdate
		<if test="b_file != ''">
		, b_file = #{b_file}
		</if>
		<if test="b_pwd != ''">
			, b_pwd = #{b_pwd}
		</if>
		WHERE b_num = #{b_num}
	</update>
	<!-- 게시물 삭제 -->
	<delete id="boardDelete" parameterType="board">
		/* Board - boardDelete */
		DELETE FROM spring_board WHERE b_num = #{b_num}
	</delete>

</mapper>
