<?xml version="1.0" encoding="UTF-8" ?>
<!DOCTYPE mapper PUBLIC "-//mybatis.org//DTD Mapper 3.0//EN"
  "http://mybatis.org/dtd/mybatis-3-mapper.dtd">

<mapper namespace="com.spring.client.reply.dao.ReplyDao">
	<!-- 댓글 전체 조회(해당 게시물번호에 대해) -->
	<select id="replyList" parameterType="reply" resultType="reply">
		select r_num, b_num, r_name, r_content, r_pwd, to_char(r_date,'YYYY-MM-DD HH24:MI:SS') as r_date
		from spring_reply
		where b_num = #{b_num}
		order by r_num desc
	</select>

	<!-- 댓글 등록 -->
	<insert id="replyInsert" parameterType="reply">
		/* Reply - replyInsert */
		<selectKey keyProperty="r_num" resultType="int" order="BEFORE">
			select spring_reply_seq.nextval from dual
		</selectKey>
		insert into spring_reply(
		r_num, b_num, r_name, r_content, r_pwd
		)values(
		#{r_num}, #{b_num}, #{r_name}, #{r_content}, #{r_pwd}
		)
	</insert>
	<select id="pwdConfirm" parameterType="reply" resultType="int">
		/* Reply - pwdConfirm */
		SELECT NVL((
		SELECT 1 FROM spring_reply
		WHERE r_num = #{r_num} AND r_pwd = #{r_pwd}
		),0) as state
		FROM dual
	</select>
	<!-- 댓글 수정 -->
	<update id="replyUpdate" parameterType="reply">
		/* Reply - replyUpdate */
		update spring_reply
		set r_content = #{r_content},
		r_date = sysdate
		where r_num = #{r_num}
	</update>
	<!-- 댓글 삭제 -->
	<delete id="replyDelete" parameterType="reply">
		/* Reply - replyDelete */
		delete from spring_reply where r_num = #{r_num}
	</delete>
	
	<!-- 댓글 삭제 (게시글 번호로 댓글 전체 삭제) -->
	<delete id="replyChoiceDelete" parameterType="reply">
		/* Reply - replyChoiceDelete */
		delete from spring_reply where b_num = #{b_num}
	</delete>
</mapper>
