<?xml version="1.0" encoding="UTF-8" ?>
<!DOCTYPE configuration
  PUBLIC "-//mybatis.org//DTD Config 3.0//EN"
  "http://mybatis.org/dtd/mybatis-3-config.dtd">
<configuration>
	<!-- <properties resource="db.properties" /> -->
	<typeAliases>
		<typeAlias type="com.spring.client.board.vo.BoardVO" alias="board"/>
		<typeAlias type="com.spring.client.reply.vo.ReplyVO" alias="reply"/>
		<typeAlias type="com.spring.client.gallery.vo.GalleryVO" alias="gallery"/>
		<typeAlias type="com.spring.client.login.vo.LoginVO" alias="login"/>
		<typeAlias type="com.spring.client.member.vo.MemberVO" alias="member"/>
		<typeAlias type="com.spring.client.member.vo.MemberSecurity" alias="security"/>
	</typeAliases>
	<!-- <environments default="development">
		<environment id="development">
			<transactionManager type="JDBC" />
			<dataSource type="POOLED">
				<property name="driver" value="${jdbc.driverClassName}" />
				<property name="url" value="${jdbc.url}" />
				<property name="username" value="${jdbc.username}" />
				<property name="password" value="${jdbc.password}" />
			</dataSource>
		</environment>
	</environments>
	<mappers>
		<mapper resource="#package/#mapper.xml" />
	</mappers> -->
</configuration>
